{"cameraMode":{"drawMode":0,"name":"Shaded","section":"Shading Mode"},"sceneLighting":false,"audioPlay":false,"sceneViewState":{"showFog":true,"showMaterialUpdate":false,"showSkybox":false,"showFlares":true,"showImageEffects":true,"showParticleSystems":true},"in2DMode":false,"pivot":{"x":0.4173714220523834,"y":0.09119017422199249,"z":-0.12152239680290222},"rotation":{"x":0.05867525190114975,"y":0.0583636537194252,"z":-0.003439088584855199,"w":0.9965816140174866},"size":2.192514181137085,"orthographic":false}