{"cameraMode":{"drawMode":0,"name":"Shaded","section":"Shading Mode"},"sceneLighting":false,"audioPlay":false,"sceneViewState":{"showFog":true,"showMaterialUpdate":false,"showSkybox":false,"showFlares":true,"showImageEffects":true,"showParticleSystems":true},"in2DMode":false,"pivot":{"x":7.062856674194336,"y":3.0412731170654299,"z":-6.451394081115723},"rotation":{"x":0.08259470015764237,"y":-0.05379323288798332,"z":0.004467087797820568,"w":0.9951287508010864},"size":26.345874786376954,"orthographic":false}