{"cameraMode":{"drawMode":0,"name":"Shaded","section":"Shading Mode"},"sceneLighting":false,"audioPlay":false,"sceneViewState":{"showFog":true,"showMaterialUpdate":false,"showSkybox":false,"showFlares":true,"showImageEffects":true,"showParticleSystems":true},"in2DMode":false,"pivot":{"x":1.5658584833145142,"y":0.6531184315681458,"z":0.07428264617919922},"rotation":{"x":0.08568964898586273,"y":-0.019104696810245515,"z":0.0017561815911903978,"w":0.9961866736412048},"size":1.694912314414978,"orthographic":false}