{"cameraMode":{"drawMode":0,"name":"Shaded","section":"Shading Mode"},"sceneLighting":false,"audioPlay":false,"sceneViewState":{"showFog":true,"showMaterialUpdate":false,"showSkybox":false,"showFlares":true,"showImageEffects":true,"showParticleSystems":true},"in2DMode":false,"pivot":{"x":6.6729230880737309,"y":-2.338137149810791,"z":11.584796905517579},"rotation":{"x":0.09927817434072495,"y":0.23355861008167268,"z":-0.023975415155291559,"w":0.9669753313064575},"size":18.216045379638673,"orthographic":false}