{"cameraMode":{"drawMode":0,"name":"Shaded","section":"Shading Mode"},"sceneLighting":false,"audioPlay":false,"sceneViewState":{"showFog":true,"showMaterialUpdate":false,"showSkybox":false,"showFlares":true,"showImageEffects":true,"showParticleSystems":true},"in2DMode":false,"pivot":{"x":-5.164775848388672,"y":-1.5266915559768677,"z":-1.5790464878082276},"rotation":{"x":-0.0751405581831932,"y":0.3334728181362152,"z":-0.026658961549401284,"w":-0.9394515752792358},"size":22.0,"orthographic":false}